county_fips,county_name,filesize_bytes,url
48,Texas,2770387484,https://data.geographic.texas.gov/0fa04328-872e-481c-b453-126a74777593/resources/stratmap25-landparcels_48_lp.zip
48001,Anderson,19260520,https://data.geographic.texas.gov/0fa04328-872e-481c-b453-126a74777593/resources/stratmap25-landparcels_48001_lp.zip
48003,Andrews,4286557,https://data.geographic.texas.gov/0fa04328-872e-481c-b453-126a74777593/resources/stratmap25-landparcels_48003_lp.zip
48005,Angelina,32321965,https://data.geographic.texas.gov/0fa04328-872e-481c-b453-126a74777593/resources/stratmap25-landparcels_48005_lp.zip
48007,Aransas,12038540,https://data.geographic.texas.gov/0fa04328-872e-481c-b453-126a74777593/resources/stratmap25-landparcels_48007_lp.zip
48009,Archer,5584160,https://data.geographic.texas.gov/0fa04328-872e-481c-b453-126a74777593/resources/stratmap25-landparcels_48009_lp.zip
48011,Armstrong,1354292,https://data.geographic.texas.gov/0fa04328-872e-481c-b453-126a74777593/resources/stratmap25-landparcels_48011_lp.zip
48013,Atascosa,16623188,https://data.geographic.texas.gov/0fa04328-872e-481c-b453-126a74777593/resources/stratmap25-landparcels_48013_lp.zip
48015,Austin,12624566,https://data.geographic.texas.gov/0fa04328-872e-481c-b453-126a74777593/resources/stratmap25-landparcels_48015_lp.zip
48017,Bailey,2386105,https://data.geographic.texas.gov/0fa04328-872e-481c-b453-126a74777593/resources/stratmap25-landparcels_48017_lp.zip
48019,Bandera,18833462,https://data.geographic.texas.gov/0fa04328-872e-481c-b453-126a74777593/resources/stratmap25-landparcels_48019_lp.zip
48021,Bastrop,30453924,https://data.geographic.texas.gov/0fa04328-872e-481c-b453-126a74777593/resources/stratmap25-landparcels_48021_lp.zip
48023,Baylor,2946757,https://data.geographic.texas.gov/0fa04328-872e-481c-b453-126a74777593/resources/stratmap25-landparcels_48023_lp.zip
48025,Bee,10734449,https://data.geographic.texas.gov/0fa04328-872e-481c-b453-126a74777593/resources/stratmap25-landparcels_48025_lp.zip
48027,Bell,73890164,https://data.geographic.texas.gov/0fa04328-872e-481c-b453-126a74777593/resources/stratmap25-landparcels_48027_lp.zip
48029,Bexar,326669535,https://data.geographic.texas.gov/0fa04328-872e-481c-b453-126a74777593/resources/stratmap25-landparcels_48029_lp.zip
48031,Blanco,6248853,https://data.geographic.texas.gov/0fa04328-872e-481c-b453-126a74777593/resources/stratmap25-landparcels_48031_lp.zip
48033,Borden,1088331,https://data.geographic.texas.gov/0fa04328-872e-481c-b453-126a74777593/resources/stratmap25-landparcels_48033_lp.zip
48035,Bosque,104239810,https://data.geographic.texas.gov/0fa04328-872e-481c-b453-126a74777593/resources/stratmap25-landparcels_48035_lp.zip
48037,Bowie,21939786,https://data.geographic.texas.gov/0fa04328-872e-481c-b453-126a74777593/resources/stratmap25-landparcels_48037_lp.zip
48039,Brazoria,155710022,https://data.geographic.texas.gov/0fa04328-872e-481c-b453-126a74777593/resources/stratmap25-landparcels_48039_lp.zip
48041,Brazos,36467812,https://data.geographic.texas.gov/0fa04328-872e-481c-b453-126a74777593/resources/stratmap25-landparcels_48041_lp.zip
48043,Brewster,9700396,https://data.geographic.texas.gov/0fa04328-872e-481c-b453-126a74777593/resources/stratmap25-landparcels_48043_lp.zip
48045,Briscoe,1841976,https://data.geographic.texas.gov/0fa04328-872e-481c-b453-126a74777593/resources/stratmap25-landparcels_48045_lp.zip
48047,Brooks,2797852,https://data.geographic.texas.gov/0fa04328-872e-481c-b453-126a74777593/resources/stratmap25-landparcels_48047_lp.zip
48049,Brown,13078800,https://data.geographic.texas.gov/0fa04328-872e-481c-b453-126a74777593/resources/stratmap25-landparcels_48049_lp.zip
48051,Burleson,11153053,https://data.geographic.texas.gov/0fa04328-872e-481c-b453-126a74777593/resources/stratmap25-landparcels_48051_lp.zip
48053,Burnet,27579113,https://data.geographic.texas.gov/0fa04328-872e-481c-b453-126a74777593/resources/stratmap25-landparcels_48053_lp.zip
48055,Caldwell,11963211,https://data.geographic.texas.gov/0fa04328-872e-481c-b453-126a74777593/resources/stratmap25-landparcels_48055_lp.zip
48057,Calhoun,13033488,https://data.geographic.texas.gov/0fa04328-872e-481c-b453-126a74777593/resources/stratmap25-landparcels_48057_lp.zip
48059,Callahan,5002630,https://data.geographic.texas.gov/0fa04328-872e-481c-b453-126a74777593/resources/stratmap25-landparcels_48059_lp.zip
48061,Cameron,88813855,https://data.geographic.texas.gov/0fa04328-872e-481c-b453-126a74777593/resources/stratmap25-landparcels_48061_lp.zip
48063,Camp,6355397,https://data.geographic.texas.gov/0fa04328-872e-481c-b453-126a74777593/resources/stratmap25-landparcels_48063_lp.zip
48065,Carson,2524268,https://data.geographic.texas.gov/0fa04328-872e-481c-b453-126a74777593/resources/stratmap25-landparcels_48065_lp.zip
48067,Cass,18469686,https://data.geographic.texas.gov/0fa04328-872e-481c-b453-126a74777593/resources/stratmap25-landparcels_48067_lp.zip
48069,Castro,2566296,https://data.geographic.texas.gov/0fa04328-872e-481c-b453-126a74777593/resources/stratmap25-landparcels_48069_lp.zip
48071,Chambers,11896949,https://data.geographic.texas.gov/0fa04328-872e-481c-b453-126a74777593/resources/stratmap25-landparcels_48071_lp.zip
48073,Cherokee,22275688,https://data.geographic.texas.gov/0fa04328-872e-481c-b453-126a74777593/resources/stratmap25-landparcels_48073_lp.zip
48075,Childress,2194904,https://data.geographic.texas.gov/0fa04328-872e-481c-b453-126a74777593/resources/stratmap25-landparcels_48075_lp.zip
48077,Clay,10082505,https://data.geographic.texas.gov/0fa04328-872e-481c-b453-126a74777593/resources/stratmap25-landparcels_48077_lp.zip
48079,Cochran,2719318,https://data.geographic.texas.gov/0fa04328-872e-481c-b453-126a74777593/resources/stratmap25-landparcels_48079_lp.zip
48081,Coke,3155570,https://data.geographic.texas.gov/0fa04328-872e-481c-b453-126a74777593/resources/stratmap25-landparcels_48081_lp.zip
48083,Coleman,5919580,https://data.geographic.texas.gov/0fa04328-872e-481c-b453-126a74777593/resources/stratmap25-landparcels_48083_lp.zip
48085,Collin,211784843,https://data.geographic.texas.gov/0fa04328-872e-481c-b453-126a74777593/resources/stratmap25-landparcels_48085_lp.zip
48087,Collingsworth,1602121,https://data.geographic.texas.gov/0fa04328-872e-481c-b453-126a74777593/resources/stratmap25-landparcels_48087_lp.zip
48089,Colorado,10931137,https://data.geographic.texas.gov/0fa04328-872e-481c-b453-126a74777593/resources/stratmap25-landparcels_48089_lp.zip
48091,Comal,61248918,https://data.geographic.texas.gov/0fa04328-872e-481c-b453-126a74777593/resources/stratmap25-landparcels_48091_lp.zip
48093,Comanche,9720392,https://data.geographic.texas.gov/0fa04328-872e-481c-b453-126a74777593/resources/stratmap25-landparcels_48093_lp.zip
48095,Concho,3329516,https://data.geographic.texas.gov/0fa04328-872e-481c-b453-126a74777593/resources/stratmap25-landparcels_48095_lp.zip
48097,Cooke,17806228,https://data.geographic.texas.gov/0fa04328-872e-481c-b453-126a74777593/resources/stratmap25-landparcels_48097_lp.zip
48099,Coryell,16721072,https://data.geographic.texas.gov/0fa04328-872e-481c-b453-126a74777593/resources/stratmap25-landparcels_48099_lp.zip
48101,Cottle,1671621,https://data.geographic.texas.gov/0fa04328-872e-481c-b453-126a74777593/resources/stratmap25-landparcels_48101_lp.zip
48103,Crane,1827774,https://data.geographic.texas.gov/0fa04328-872e-481c-b453-126a74777593/resources/stratmap25-landparcels_48103_lp.zip
48105,Crockett,2611283,https://data.geographic.texas.gov/0fa04328-872e-481c-b453-126a74777593/resources/stratmap25-landparcels_48105_lp.zip
48107,Crosby,2091960,https://data.geographic.texas.gov/0fa04328-872e-481c-b453-126a74777593/resources/stratmap25-landparcels_48107_lp.zip
48109,Culberson,3146406,https://data.geographic.texas.gov/0fa04328-872e-481c-b453-126a74777593/resources/stratmap25-landparcels_48109_lp.zip
48111,Dallam,2644516,https://data.geographic.texas.gov/0fa04328-872e-481c-b453-126a74777593/resources/stratmap25-landparcels_48111_lp.zip
48113,Dallas,276791746,https://data.geographic.texas.gov/0fa04328-872e-481c-b453-126a74777593/resources/stratmap25-landparcels_48113_lp.zip
48115,Dawson,3180130,https://data.geographic.texas.gov/0fa04328-872e-481c-b453-126a74777593/resources/stratmap25-landparcels_48115_lp.zip
48117,Deaf Smith,4760885,https://data.geographic.texas.gov/0fa04328-872e-481c-b453-126a74777593/resources/stratmap25-landparcels_48117_lp.zip
48119,Delta,9001152,https://data.geographic.texas.gov/0fa04328-872e-481c-b453-126a74777593/resources/stratmap25-landparcels_48119_lp.zip
48121,Denton,166897166,https://data.geographic.texas.gov/0fa04328-872e-481c-b453-126a74777593/resources/stratmap25-landparcels_48121_lp.zip
48123,DeWitt,27149854,https://data.geographic.texas.gov/0fa04328-872e-481c-b453-126a74777593/resources/stratmap25-landparcels_48123_lp.zip
48125,Dickens,1373695,https://data.geographic.texas.gov/0fa04328-872e-481c-b453-126a74777593/resources/stratmap25-landparcels_48125_lp.zip
48127,Dimmit,5647134,https://data.geographic.texas.gov/0fa04328-872e-481c-b453-126a74777593/resources/stratmap25-landparcels_48127_lp.zip
48131,Duval,6123682,https://data.geographic.texas.gov/0fa04328-872e-481c-b453-126a74777593/resources/stratmap25-landparcels_48131_lp.zip
48133,Eastland,7734577,https://data.geographic.texas.gov/0fa04328-872e-481c-b453-126a74777593/resources/stratmap25-landparcels_48133_lp.zip
48135,Ector,33595624,https://data.geographic.texas.gov/0fa04328-872e-481c-b453-126a74777593/resources/stratmap25-landparcels_48135_lp.zip
48137,Edwards,7020716,https://data.geographic.texas.gov/0fa04328-872e-481c-b453-126a74777593/resources/stratmap25-landparcels_48137_lp.zip
48139,Ellis,52241087,https://data.geographic.texas.gov/0fa04328-872e-481c-b453-126a74777593/resources/stratmap25-landparcels_48139_lp.zip
48141,El Paso,191638528,https://data.geographic.texas.gov/0fa04328-872e-481c-b453-126a74777593/resources/stratmap25-landparcels_48141_lp.zip
48143,Erath,12822317,https://data.geographic.texas.gov/0fa04328-872e-481c-b453-126a74777593/resources/stratmap25-landparcels_48143_lp.zip
48145,Falls,10663227,https://data.geographic.texas.gov/0fa04328-872e-481c-b453-126a74777593/resources/stratmap25-landparcels_48145_lp.zip
48147,Fannin,15843641,https://data.geographic.texas.gov/0fa04328-872e-481c-b453-126a74777593/resources/stratmap25-landparcels_48147_lp.zip
48149,Fayette,13627045,https://data.geographic.texas.gov/0fa04328-872e-481c-b453-126a74777593/resources/stratmap25-landparcels_48149_lp.zip
48151,Fisher,2678464,https://data.geographic.texas.gov/0fa04328-872e-481c-b453-126a74777593/resources/stratmap25-landparcels_48151_lp.zip
48153,Floyd,3494164,https://data.geographic.texas.gov/0fa04328-872e-481c-b453-126a74777593/resources/stratmap25-landparcels_48153_lp.zip
48155,Foard,1580667,https://data.geographic.texas.gov/0fa04328-872e-481c-b453-126a74777593/resources/stratmap25-landparcels_48155_lp.zip
48157,Fort Bend,200793714,https://data.geographic.texas.gov/0fa04328-872e-481c-b453-126a74777593/resources/stratmap25-landparcels_48157_lp.zip
48159,Franklin,7720380,https://data.geographic.texas.gov/0fa04328-872e-481c-b453-126a74777593/resources/stratmap25-landparcels_48159_lp.zip
48161,Freestone,9357905,https://data.geographic.texas.gov/0fa04328-872e-481c-b453-126a74777593/resources/stratmap25-landparcels_48161_lp.zip
48163,Frio,4273162,https://data.geographic.texas.gov/0fa04328-872e-481c-b453-126a74777593/resources/stratmap25-landparcels_48163_lp.zip
48165,Gaines,6795335,https://data.geographic.texas.gov/0fa04328-872e-481c-b453-126a74777593/resources/stratmap25-landparcels_48165_lp.zip
48167,Galveston,73808185,https://data.geographic.texas.gov/0fa04328-872e-481c-b453-126a74777593/resources/stratmap25-landparcels_48167_lp.zip
48169,Garza,2929162,https://data.geographic.texas.gov/0fa04328-872e-481c-b453-126a74777593/resources/stratmap25-landparcels_48169_lp.zip
48171,Gillespie,39097345,https://data.geographic.texas.gov/0fa04328-872e-481c-b453-126a74777593/resources/stratmap25-landparcels_48171_lp.zip
48173,Glasscock,1035606,https://data.geographic.texas.gov/0fa04328-872e-481c-b453-126a74777593/resources/stratmap25-landparcels_48173_lp.zip
48175,Goliad,5452215,https://data.geographic.texas.gov/0fa04328-872e-481c-b453-126a74777593/resources/stratmap25-landparcels_48175_lp.zip
48177,Gonzales,7610991,https://data.geographic.texas.gov/0fa04328-872e-481c-b453-126a74777593/resources/stratmap25-landparcels_48177_lp.zip
48179,Gray,5836134,https://data.geographic.texas.gov/0fa04328-872e-481c-b453-126a74777593/resources/stratmap25-landparcels_48179_lp.zip
48181,Grayson,39878694,https://data.geographic.texas.gov/0fa04328-872e-481c-b453-126a74777593/resources/stratmap25-landparcels_48181_lp.zip
48183,Gregg,37021140,https://data.geographic.texas.gov/0fa04328-872e-481c-b453-126a74777593/resources/stratmap25-landparcels_48183_lp.zip
48185,Grimes,11936560,https://data.geographic.texas.gov/0fa04328-872e-481c-b453-126a74777593/resources/stratmap25-landparcels_48185_lp.zip
48187,Guadalupe,46817425,https://data.geographic.texas.gov/0fa04328-872e-481c-b453-126a74777593/resources/stratmap25-landparcels_48187_lp.zip
48189,Hale,11963448,https://data.geographic.texas.gov/0fa04328-872e-481c-b453-126a74777593/resources/stratmap25-landparcels_48189_lp.zip
48191,Hall,2113745,https://data.geographic.texas.gov/0fa04328-872e-481c-b453-126a74777593/resources/stratmap25-landparcels_48191_lp.zip
48193,Hamilton,8369375,https://data.geographic.texas.gov/0fa04328-872e-481c-b453-126a74777593/resources/stratmap25-landparcels_48193_lp.zip
48195,Hansford,2050859,https://data.geographic.texas.gov/0fa04328-872e-481c-b453-126a74777593/resources/stratmap25-landparcels_48195_lp.zip
48197,Hardeman,2249639,https://data.geographic.texas.gov/0fa04328-872e-481c-b453-126a74777593/resources/stratmap25-landparcels_48197_lp.zip
48199,Hardin,16231091,https://data.geographic.texas.gov/0fa04328-872e-481c-b453-126a74777593/resources/stratmap25-landparcels_48199_lp.zip
48201,Harris,479483352,https://data.geographic.texas.gov/0fa04328-872e-481c-b453-126a74777593/resources/stratmap25-landparcels_48201_lp.zip
48203,Harrison,23636956,https://data.geographic.texas.gov/0fa04328-872e-481c-b453-126a74777593/resources/stratmap25-landparcels_48203_lp.zip
48205,Hartley,2355699,https://data.geographic.texas.gov/0fa04328-872e-481c-b453-126a74777593/resources/stratmap25-landparcels_48205_lp.zip
48207,Haskell,3885477,https://data.geographic.texas.gov/0fa04328-872e-481c-b453-126a74777593/resources/stratmap25-landparcels_48207_lp.zip
48209,Hays,67028140,https://data.geographic.texas.gov/0fa04328-872e-481c-b453-126a74777593/resources/stratmap25-landparcels_48209_lp.zip
48211,Hemphill,1614914,https://data.geographic.texas.gov/0fa04328-872e-481c-b453-126a74777593/resources/stratmap25-landparcels_48211_lp.zip
48213,Henderson,42274463,https://data.geographic.texas.gov/0fa04328-872e-481c-b453-126a74777593/resources/stratmap25-landparcels_48213_lp.zip
48215,Hidalgo,140289333,https://data.geographic.texas.gov/0fa04328-872e-481c-b453-126a74777593/resources/stratmap25-landparcels_48215_lp.zip
48217,Hill,19477351,https://data.geographic.texas.gov/0fa04328-872e-481c-b453-126a74777593/resources/stratmap25-landparcels_48217_lp.zip
48219,Hockley,7277813,https://data.geographic.texas.gov/0fa04328-872e-481c-b453-126a74777593/resources/stratmap25-landparcels_48219_lp.zip
48221,Hood,28613614,https://data.geographic.texas.gov/0fa04328-872e-481c-b453-126a74777593/resources/stratmap25-landparcels_48221_lp.zip
48223,Hopkins,16265013,https://data.geographic.texas.gov/0fa04328-872e-481c-b453-126a74777593/resources/stratmap25-landparcels_48223_lp.zip
48225,Houston,10663116,https://data.geographic.texas.gov/0fa04328-872e-481c-b453-126a74777593/resources/stratmap25-landparcels_48225_lp.zip
48227,Howard,8066169,https://data.geographic.texas.gov/0fa04328-872e-481c-b453-126a74777593/resources/stratmap25-landparcels_48227_lp.zip
48229,Hudspeth,7640365,https://data.geographic.texas.gov/0fa04328-872e-481c-b453-126a74777593/resources/stratmap25-landparcels_48229_lp.zip
48231,Hunt,36826606,https://data.geographic.texas.gov/0fa04328-872e-481c-b453-126a74777593/resources/stratmap25-landparcels_48231_lp.zip
48233,Hutchinson,5864959,https://data.geographic.texas.gov/0fa04328-872e-481c-b453-126a74777593/resources/stratmap25-landparcels_48233_lp.zip
48235,Irion,1209714,https://data.geographic.texas.gov/0fa04328-872e-481c-b453-126a74777593/resources/stratmap25-landparcels_48235_lp.zip
48237,Jack,4362834,https://data.geographic.texas.gov/0fa04328-872e-481c-b453-126a74777593/resources/stratmap25-landparcels_48237_lp.zip
48239,Jackson,8469740,https://data.geographic.texas.gov/0fa04328-872e-481c-b453-126a74777593/resources/stratmap25-landparcels_48239_lp.zip
48241,Jasper,18484119,https://data.geographic.texas.gov/0fa04328-872e-481c-b453-126a74777593/resources/stratmap25-landparcels_48241_lp.zip
48243,Jeff Davis,2247029,https://data.geographic.texas.gov/0fa04328-872e-481c-b453-126a74777593/resources/stratmap25-landparcels_48243_lp.zip
48245,Jefferson,68367188,https://data.geographic.texas.gov/0fa04328-872e-481c-b453-126a74777593/resources/stratmap25-landparcels_48245_lp.zip
48247,Jim Hogg,1350261,https://data.geographic.texas.gov/0fa04328-872e-481c-b453-126a74777593/resources/stratmap25-landparcels_48247_lp.zip
48249,Jim Wells,10912239,https://data.geographic.texas.gov/0fa04328-872e-481c-b453-126a74777593/resources/stratmap25-landparcels_48249_lp.zip
48251,Johnson,39846783,https://data.geographic.texas.gov/0fa04328-872e-481c-b453-126a74777593/resources/stratmap25-landparcels_48251_lp.zip
48253,Jones,10388099,https://data.geographic.texas.gov/0fa04328-872e-481c-b453-126a74777593/resources/stratmap25-landparcels_48253_lp.zip
48255,Karnes,5311526,https://data.geographic.texas.gov/0fa04328-872e-481c-b453-126a74777593/resources/stratmap25-landparcels_48255_lp.zip
48257,Kaufman,42455591,https://data.geographic.texas.gov/0fa04328-872e-481c-b453-126a74777593/resources/stratmap25-landparcels_48257_lp.zip
48259,Kendall,21549261,https://data.geographic.texas.gov/0fa04328-872e-481c-b453-126a74777593/resources/stratmap25-landparcels_48259_lp.zip
48261,Kenedy,334740,https://data.geographic.texas.gov/0fa04328-872e-481c-b453-126a74777593/resources/stratmap25-landparcels_48261_lp.zip
48263,Kent,1222232,https://data.geographic.texas.gov/0fa04328-872e-481c-b453-126a74777593/resources/stratmap25-landparcels_48263_lp.zip
48265,Kerr,18643060,https://data.geographic.texas.gov/0fa04328-872e-481c-b453-126a74777593/resources/stratmap25-landparcels_48265_lp.zip
48267,Kimble,6724596,https://data.geographic.texas.gov/0fa04328-872e-481c-b453-126a74777593/resources/stratmap25-landparcels_48267_lp.zip
48269,King,697553,https://data.geographic.texas.gov/0fa04328-872e-481c-b453-126a74777593/resources/stratmap25-landparcels_48269_lp.zip
48271,Kinney,4974983,https://data.geographic.texas.gov/0fa04328-872e-481c-b453-126a74777593/resources/stratmap25-landparcels_48271_lp.zip
48273,Kleberg,7950634,https://data.geographic.texas.gov/0fa04328-872e-481c-b453-126a74777593/resources/stratmap25-landparcels_48273_lp.zip
48275,Knox,3302085,https://data.geographic.texas.gov/0fa04328-872e-481c-b453-126a74777593/resources/stratmap25-landparcels_48275_lp.zip
48277,Lamar,19064110,https://data.geographic.texas.gov/0fa04328-872e-481c-b453-126a74777593/resources/stratmap25-landparcels_48277_lp.zip
48279,Lamb,5346827,https://data.geographic.texas.gov/0fa04328-872e-481c-b453-126a74777593/resources/stratmap25-landparcels_48279_lp.zip
48281,Lampasas,7583556,https://data.geographic.texas.gov/0fa04328-872e-481c-b453-126a74777593/resources/stratmap25-landparcels_48281_lp.zip
48283,La Salle,5094822,https://data.geographic.texas.gov/0fa04328-872e-481c-b453-126a74777593/resources/stratmap25-landparcels_48283_lp.zip
48285,Lavaca,10146579,https://data.geographic.texas.gov/0fa04328-872e-481c-b453-126a74777593/resources/stratmap25-landparcels_48285_lp.zip
48287,Lee,9079929,https://data.geographic.texas.gov/0fa04328-872e-481c-b453-126a74777593/resources/stratmap25-landparcels_48287_lp.zip
48289,Leon,11200561,https://data.geographic.texas.gov/0fa04328-872e-481c-b453-126a74777593/resources/stratmap25-landparcels_48289_lp.zip
48291,Liberty,59353559,https://data.geographic.texas.gov/0fa04328-872e-481c-b453-126a74777593/resources/stratmap25-landparcels_48291_lp.zip
48293,Limestone,10610673,https://data.geographic.texas.gov/0fa04328-872e-481c-b453-126a74777593/resources/stratmap25-landparcels_48293_lp.zip
48295,Lipscomb,2661838,https://data.geographic.texas.gov/0fa04328-872e-481c-b453-126a74777593/resources/stratmap25-landparcels_48295_lp.zip
48297,Live Oak,7016206,https://data.geographic.texas.gov/0fa04328-872e-481c-b453-126a74777593/resources/stratmap25-landparcels_48297_lp.zip
48299,Llano,23725744,https://data.geographic.texas.gov/0fa04328-872e-481c-b453-126a74777593/resources/stratmap25-landparcels_48299_lp.zip
48301,Loving,721058,https://data.geographic.texas.gov/0fa04328-872e-481c-b453-126a74777593/resources/stratmap25-landparcels_48301_lp.zip
48303,Lubbock,57780977,https://data.geographic.texas.gov/0fa04328-872e-481c-b453-126a74777593/resources/stratmap25-landparcels_48303_lp.zip
48305,Lynn,2303692,https://data.geographic.texas.gov/0fa04328-872e-481c-b453-126a74777593/resources/stratmap25-landparcels_48305_lp.zip
48307,McCulloch,3730341,https://data.geographic.texas.gov/0fa04328-872e-481c-b453-126a74777593/resources/stratmap25-landparcels_48307_lp.zip
48309,McLennan,59717405,https://data.geographic.texas.gov/0fa04328-872e-481c-b453-126a74777593/resources/stratmap25-landparcels_48309_lp.zip
48311,McMullen,2185837,https://data.geographic.texas.gov/0fa04328-872e-481c-b453-126a74777593/resources/stratmap25-landparcels_48311_lp.zip
48313,Madison,5282694,https://data.geographic.texas.gov/0fa04328-872e-481c-b453-126a74777593/resources/stratmap25-landparcels_48313_lp.zip
48315,Marion,9209723,https://data.geographic.texas.gov/0fa04328-872e-481c-b453-126a74777593/resources/stratmap25-landparcels_48315_lp.zip
48317,Martin,2083377,https://data.geographic.texas.gov/0fa04328-872e-481c-b453-126a74777593/resources/stratmap25-landparcels_48317_lp.zip
48319,Mason,4298187,https://data.geographic.texas.gov/0fa04328-872e-481c-b453-126a74777593/resources/stratmap25-landparcels_48319_lp.zip
48321,Matagorda,18915902,https://data.geographic.texas.gov/0fa04328-872e-481c-b453-126a74777593/resources/stratmap25-landparcels_48321_lp.zip
48323,Maverick,10408670,https://data.geographic.texas.gov/0fa04328-872e-481c-b453-126a74777593/resources/stratmap25-landparcels_48323_lp.zip
48325,Medina,18392419,https://data.geographic.texas.gov/0fa04328-872e-481c-b453-126a74777593/resources/stratmap25-landparcels_48325_lp.zip
48327,Menard,1981552,https://data.geographic.texas.gov/0fa04328-872e-481c-b453-126a74777593/resources/stratmap25-landparcels_48327_lp.zip
48329,Midland,29190767,https://data.geographic.texas.gov/0fa04328-872e-481c-b453-126a74777593/resources/stratmap25-landparcels_48329_lp.zip
48331,Milam,15839834,https://data.geographic.texas.gov/0fa04328-872e-481c-b453-126a74777593/resources/stratmap25-landparcels_48331_lp.zip
48333,Mills,4620524,https://data.geographic.texas.gov/0fa04328-872e-481c-b453-126a74777593/resources/stratmap25-landparcels_48333_lp.zip
48335,Mitchell,3023728,https://data.geographic.texas.gov/0fa04328-872e-481c-b453-126a74777593/resources/stratmap25-landparcels_48335_lp.zip
48337,Montague,8507959,https://data.geographic.texas.gov/0fa04328-872e-481c-b453-126a74777593/resources/stratmap25-landparcels_48337_lp.zip
48339,Montgomery,194336422,https://data.geographic.texas.gov/0fa04328-872e-481c-b453-126a74777593/resources/stratmap25-landparcels_48339_lp.zip
48341,Moore,4848508,https://data.geographic.texas.gov/0fa04328-872e-481c-b453-126a74777593/resources/stratmap25-landparcels_48341_lp.zip
48343,Morris,5450236,https://data.geographic.texas.gov/0fa04328-872e-481c-b453-126a74777593/resources/stratmap25-landparcels_48343_lp.zip
48345,Motley,2075653,https://data.geographic.texas.gov/0fa04328-872e-481c-b453-126a74777593/resources/stratmap25-landparcels_48345_lp.zip
48347,Nacogdoches,22614119,https://data.geographic.texas.gov/0fa04328-872e-481c-b453-126a74777593/resources/stratmap25-landparcels_48347_lp.zip
48349,Navarro,27072477,https://data.geographic.texas.gov/0fa04328-872e-481c-b453-126a74777593/resources/stratmap25-landparcels_48349_lp.zip
48351,Newton,14548213,https://data.geographic.texas.gov/0fa04328-872e-481c-b453-126a74777593/resources/stratmap25-landparcels_48351_lp.zip
48353,Nolan,4472302,https://data.geographic.texas.gov/0fa04328-872e-481c-b453-126a74777593/resources/stratmap25-landparcels_48353_lp.zip
48355,Nueces,85277395,https://data.geographic.texas.gov/0fa04328-872e-481c-b453-126a74777593/resources/stratmap25-landparcels_48355_lp.zip
48357,Ochiltree,2466087,https://data.geographic.texas.gov/0fa04328-872e-481c-b453-126a74777593/resources/stratmap25-landparcels_48357_lp.zip
48359,Oldham,1580472,https://data.geographic.texas.gov/0fa04328-872e-481c-b453-126a74777593/resources/stratmap25-landparcels_48359_lp.zip
48361,Orange,24669830,https://data.geographic.texas.gov/0fa04328-872e-481c-b453-126a74777593/resources/stratmap25-landparcels_48361_lp.zip
48363,Palo Pinto,16044025,https://data.geographic.texas.gov/0fa04328-872e-481c-b453-126a74777593/resources/stratmap25-landparcels_48363_lp.zip
48365,Panola,7464068,https://data.geographic.texas.gov/0fa04328-872e-481c-b453-126a74777593/resources/stratmap25-landparcels_48365_lp.zip
48367,Parker,49954261,https://data.geographic.texas.gov/0fa04328-872e-481c-b453-126a74777593/resources/stratmap25-landparcels_48367_lp.zip
48369,Parmer,3022983,https://data.geographic.texas.gov/0fa04328-872e-481c-b453-126a74777593/resources/stratmap25-landparcels_48369_lp.zip
48371,Pecos,3981113,https://data.geographic.texas.gov/0fa04328-872e-481c-b453-126a74777593/resources/stratmap25-landparcels_48371_lp.zip
48373,Polk,31735114,https://data.geographic.texas.gov/0fa04328-872e-481c-b453-126a74777593/resources/stratmap25-landparcels_48373_lp.zip
48375,Potter,16903841,https://data.geographic.texas.gov/0fa04328-872e-481c-b453-126a74777593/resources/stratmap25-landparcels_48375_lp.zip
48377,Presidio,6851251,https://data.geographic.texas.gov/0fa04328-872e-481c-b453-126a74777593/resources/stratmap25-landparcels_48377_lp.zip
48379,Rains,4915003,https://data.geographic.texas.gov/0fa04328-872e-481c-b453-126a74777593/resources/stratmap25-landparcels_48379_lp.zip
48381,Randall,21369436,https://data.geographic.texas.gov/0fa04328-872e-481c-b453-126a74777593/resources/stratmap25-landparcels_48381_lp.zip
48383,Reagan,1335938,https://data.geographic.texas.gov/0fa04328-872e-481c-b453-126a74777593/resources/stratmap25-landparcels_48383_lp.zip
48385,Real,4318639,https://data.geographic.texas.gov/0fa04328-872e-481c-b453-126a74777593/resources/stratmap25-landparcels_48385_lp.zip
48387,Red River,6413902,https://data.geographic.texas.gov/0fa04328-872e-481c-b453-126a74777593/resources/stratmap25-landparcels_48387_lp.zip
48389,Reeves,6094674,https://data.geographic.texas.gov/0fa04328-872e-481c-b453-126a74777593/resources/stratmap25-landparcels_48389_lp.zip
48391,Refugio,4890950,https://data.geographic.texas.gov/0fa04328-872e-481c-b453-126a74777593/resources/stratmap25-landparcels_48391_lp.zip
48393,Roberts,1591794,https://data.geographic.texas.gov/0fa04328-872e-481c-b453-126a74777593/resources/stratmap25-landparcels_48393_lp.zip
48395,Robertson,7691035,https://data.geographic.texas.gov/0fa04328-872e-481c-b453-126a74777593/resources/stratmap25-landparcels_48395_lp.zip
48397,Rockwall,34476922,https://data.geographic.texas.gov/0fa04328-872e-481c-b453-126a74777593/resources/stratmap25-landparcels_48397_lp.zip
48399,Runnels,5388696,https://data.geographic.texas.gov/0fa04328-872e-481c-b453-126a74777593/resources/stratmap25-landparcels_48399_lp.zip
48401,Rusk,15515497,https://data.geographic.texas.gov/0fa04328-872e-481c-b453-126a74777593/resources/stratmap25-landparcels_48401_lp.zip
48403,Sabine,9388528,https://data.geographic.texas.gov/0fa04328-872e-481c-b453-126a74777593/resources/stratmap25-landparcels_48403_lp.zip
48405,San Augustine,5263819,https://data.geographic.texas.gov/0fa04328-872e-481c-b453-126a74777593/resources/stratmap25-landparcels_48405_lp.zip
48407,San Jacinto,19765348,https://data.geographic.texas.gov/0fa04328-872e-481c-b453-126a74777593/resources/stratmap25-landparcels_48407_lp.zip
48409,San Patricio,20246806,https://data.geographic.texas.gov/0fa04328-872e-481c-b453-126a74777593/resources/stratmap25-landparcels_48409_lp.zip
48411,San Saba,4718603,https://data.geographic.texas.gov/0fa04328-872e-481c-b453-126a74777593/resources/stratmap25-landparcels_48411_lp.zip
48413,Schleicher,2292337,https://data.geographic.texas.gov/0fa04328-872e-481c-b453-126a74777593/resources/stratmap25-landparcels_48413_lp.zip
48415,Scurry,5712696,https://data.geographic.texas.gov/0fa04328-872e-481c-b453-126a74777593/resources/stratmap25-landparcels_48415_lp.zip
48417,Shackelford,5066489,https://data.geographic.texas.gov/0fa04328-872e-481c-b453-126a74777593/resources/stratmap25-landparcels_48417_lp.zip
48419,Shelby,10051486,https://data.geographic.texas.gov/0fa04328-872e-481c-b453-126a74777593/resources/stratmap25-landparcels_48419_lp.zip
48421,Sherman,1240676,https://data.geographic.texas.gov/0fa04328-872e-481c-b453-126a74777593/resources/stratmap25-landparcels_48421_lp.zip
48423,Smith,70201797,https://data.geographic.texas.gov/0fa04328-872e-481c-b453-126a74777593/resources/stratmap25-landparcels_48423_lp.zip
48425,Somervell,5122414,https://data.geographic.texas.gov/0fa04328-872e-481c-b453-126a74777593/resources/stratmap25-landparcels_48425_lp.zip
48427,Starr,16869931,https://data.geographic.texas.gov/0fa04328-872e-481c-b453-126a74777593/resources/stratmap25-landparcels_48427_lp.zip
48429,Stephens,5033216,https://data.geographic.texas.gov/0fa04328-872e-481c-b453-126a74777593/resources/stratmap25-landparcels_48429_lp.zip
48431,Sterling,785304,https://data.geographic.texas.gov/0fa04328-872e-481c-b453-126a74777593/resources/stratmap25-landparcels_48431_lp.zip
48433,Stonewall,1629120,https://data.geographic.texas.gov/0fa04328-872e-481c-b453-126a74777593/resources/stratmap25-landparcels_48433_lp.zip
48435,Sutton,3021948,https://data.geographic.texas.gov/0fa04328-872e-481c-b453-126a74777593/resources/stratmap25-landparcels_48435_lp.zip
48437,Swisher,2687604,https://data.geographic.texas.gov/0fa04328-872e-481c-b453-126a74777593/resources/stratmap25-landparcels_48437_lp.zip
48439,Tarrant,319795975,https://data.geographic.texas.gov/0fa04328-872e-481c-b453-126a74777593/resources/stratmap25-landparcels_48439_lp.zip
48441,Taylor,37865814,https://data.geographic.texas.gov/0fa04328-872e-481c-b453-126a74777593/resources/stratmap25-landparcels_48441_lp.zip
48443,Terrell,4083060,https://data.geographic.texas.gov/0fa04328-872e-481c-b453-126a74777593/resources/stratmap25-landparcels_48443_lp.zip
48445,Terry,3120855,https://data.geographic.texas.gov/0fa04328-872e-481c-b453-126a74777593/resources/stratmap25-landparcels_48445_lp.zip
48447,Throckmorton,1381506,https://data.geographic.texas.gov/0fa04328-872e-481c-b453-126a74777593/resources/stratmap25-landparcels_48447_lp.zip
48449,Titus,12405998,https://data.geographic.texas.gov/0fa04328-872e-481c-b453-126a74777593/resources/stratmap25-landparcels_48449_lp.zip
48451,Tom Green,24305127,https://data.geographic.texas.gov/0fa04328-872e-481c-b453-126a74777593/resources/stratmap25-landparcels_48451_lp.zip
48453,Travis,345754513,https://data.geographic.texas.gov/0fa04328-872e-481c-b453-126a74777593/resources/stratmap25-landparcels_48453_lp.zip
48455,Trinity,13641276,https://data.geographic.texas.gov/0fa04328-872e-481c-b453-126a74777593/resources/stratmap25-landparcels_48455_lp.zip
48457,Tyler,13914755,https://data.geographic.texas.gov/0fa04328-872e-481c-b453-126a74777593/resources/stratmap25-landparcels_48457_lp.zip
48459,Upshur,16942576,https://data.geographic.texas.gov/0fa04328-872e-481c-b453-126a74777593/resources/stratmap25-landparcels_48459_lp.zip
48461,Upton,2135816,https://data.geographic.texas.gov/0fa04328-872e-481c-b453-126a74777593/resources/stratmap25-landparcels_48461_lp.zip
48463,Uvalde,12075467,https://data.geographic.texas.gov/0fa04328-872e-481c-b453-126a74777593/resources/stratmap25-landparcels_48463_lp.zip
48465,Val Verde,18587936,https://data.geographic.texas.gov/0fa04328-872e-481c-b453-126a74777593/resources/stratmap25-landparcels_48465_lp.zip
48467,Van Zandt,20039619,https://data.geographic.texas.gov/0fa04328-872e-481c-b453-126a74777593/resources/stratmap25-landparcels_48467_lp.zip
48469,Victoria,21750339,https://data.geographic.texas.gov/0fa04328-872e-481c-b453-126a74777593/resources/stratmap25-landparcels_48469_lp.zip
48471,Walker,28805459,https://data.geographic.texas.gov/0fa04328-872e-481c-b453-126a74777593/resources/stratmap25-landparcels_48471_lp.zip
48473,Waller,21659240,https://data.geographic.texas.gov/0fa04328-872e-481c-b453-126a74777593/resources/stratmap25-landparcels_48473_lp.zip
48475,Ward,4474876,https://data.geographic.texas.gov/0fa04328-872e-481c-b453-126a74777593/resources/stratmap25-landparcels_48475_lp.zip
48477,Washington,12717187,https://data.geographic.texas.gov/0fa04328-872e-481c-b453-126a74777593/resources/stratmap25-landparcels_48477_lp.zip
48479,Webb,42570163,https://data.geographic.texas.gov/0fa04328-872e-481c-b453-126a74777593/resources/stratmap25-landparcels_48479_lp.zip
48481,Wharton,12813454,https://data.geographic.texas.gov/0fa04328-872e-481c-b453-126a74777593/resources/stratmap25-landparcels_48481_lp.zip
48483,Wheeler,2420340,https://data.geographic.texas.gov/0fa04328-872e-481c-b453-126a74777593/resources/stratmap25-landparcels_48483_lp.zip
48485,Wichita,28918850,https://data.geographic.texas.gov/0fa04328-872e-481c-b453-126a74777593/resources/stratmap25-landparcels_48485_lp.zip
48487,Wilbarger,4881535,https://data.geographic.texas.gov/0fa04328-872e-481c-b453-126a74777593/resources/stratmap25-landparcels_48487_lp.zip
48489,Willacy,7558634,https://data.geographic.texas.gov/0fa04328-872e-481c-b453-126a74777593/resources/stratmap25-landparcels_48489_lp.zip
48491,Williamson,126154817,https://data.geographic.texas.gov/0fa04328-872e-481c-b453-126a74777593/resources/stratmap25-landparcels_48491_lp.zip
48493,Wilson,22682205,https://data.geographic.texas.gov/0fa04328-872e-481c-b453-126a74777593/resources/stratmap25-landparcels_48493_lp.zip
48495,Winkler,2562686,https://data.geographic.texas.gov/0fa04328-872e-481c-b453-126a74777593/resources/stratmap25-landparcels_48495_lp.zip
48497,Wise,20962069,https://data.geographic.texas.gov/0fa04328-872e-481c-b453-126a74777593/resources/stratmap25-landparcels_48497_lp.zip
48499,Wood,21701917,https://data.geographic.texas.gov/0fa04328-872e-481c-b453-126a74777593/resources/stratmap25-landparcels_48499_lp.zip
48501,Yoakum,2696588,https://data.geographic.texas.gov/0fa04328-872e-481c-b453-126a74777593/resources/stratmap25-landparcels_48501_lp.zip
48503,Young,7777730,https://data.geographic.texas.gov/0fa04328-872e-481c-b453-126a74777593/resources/stratmap25-landparcels_48503_lp.zip
48505,Zapata,5345933,https://data.geographic.texas.gov/0fa04328-872e-481c-b453-126a74777593/resources/stratmap25-landparcels_48505_lp.zip
48507,Zavala,4788382,https://data.geographic.texas.gov/0fa04328-872e-481c-b453-126a74777593/resources/stratmap25-landparcels_48507_lp.zip
